roberto carlos;a@gmail.com;roberto123
ignacio;b@gmail.com;ignacio123
carlos d luffy;c@gmail.com;carlos123
pablo diaz;d@gmail.com;pablo.23
tobias cba;e@gmail.com;tobias567
natalia;f@gmail.com;natalia123
maria ortiz;g@gmail.com;mariarosa123
nicolas;h@gmail.com;nicolas123
pancho dot;i@gmail.com;panchete123
mauro;jjgmail.com;mauroezequiellombardo123
